index,specification
0,asus intel core i9 12th gen windows 11 home 1 tb 32 gb 17.3 44000000
1,asus intel core i9 12th gen windows 11 home 1 tb 32 gb 15.6 43000000
2,hp windows 11 home 512 gb 16 16.1 19000000
3,lenovo amd ryzen 7 octa core 5th gen windows 11 home 512 gb 16 15.6 16000000
4,lenovo intel core i5 11th gen windows 11 home 512 gb 16 14 14000000
5,lenovo intel core i7 11th gen windows 11 home 512 gb 16 14 14000000
6,lenovo windows 10 256 gb 4 15.6 5000000
7,lenovo amd ryzen 7 octa core 5th gen windows 11 home 1 tb 16 gb 13.3 17000000
8,asus intel core i5 10th gen windows 11 home 1 tb 8 gb 15.6 12000000
9,dell windows 11 home 256 gb 8 6000000
10,dell windows 11 home 256 gb 8 5000000
11,dell intel core i5 11th gen windows 11 home 512 gb 16 13.4 28000000
12,lenovo amd ryzen 7 octa core 5th gen windows 10 home 512 gb 16 14 18000000
13,asus amd ryzen 7 dual core 7th gen windows 11 home 512 gb 16 15.6 15000000
14,asus amd ryzen 3 quad core 3rd gen windows 11 home 256 gb 8 15.6 7000000
15,asus amd ryzen 9 octa core 5th gen windows 10 home 1 tb 32 gb 24000000
16,msi intel core i7 11th gen windows 10 home 1 tb 16 gb 30000000
17,asus intel core i3 11th gen windows 11 home 256 gb 8 15.6 9000000
18,realme intel core i5 11th gen windows 11 home 512 gb 16 14 12000000
19,realme intel core i5 11th gen windows 11 home 512 gb 16 14 12000000
20,realme intel core i5 11th gen windows 11 home 512 gb 16 14 12000000
21,dell intel core i7 11th gen windows 11 home 512 gb 16 15.6 19000000
22,dell windows 11 home 512 gb 8 15.6 13000000
23,avita windows 11 home 128 gb 4 4000000
24,asus intel core i5 12th gen windows 11 home 512 gb 16 14000000
25,asus intel core i7 12th gen windows 11 home 512 gb 16 14 18000000
26,asus intel core i5 12th gen windows 11 home 512 gb 16 14 17000000
27,asus intel core i7 12th gen windows 11 home 1 tb 16 gb 14 25000000
28,asus intel core i5 12th gen windows 11 home 512 gb 16 14000000
29,asus intel core i7 12th gen windows 11 home 512 gb 16 14 20000000
30,asus intel core i7 12th gen windows 11 home 512 gb 16 18000000
31,asus intel core i5 12th gen windows 11 home 512 gb 16 14 21000000
32,dell windows 11 home 256 gb 8 14 8000000
33,asus amd ryzen 7 hexa core 10th gen windows 10 home 512 gb 8 15.6 15000000
34,asus amd ryzen 9 octa core 10th gen windows 11 home 512 gb 16 16.6 20000000
35,asus intel core i5 10th gen windows 11 home 256 gb 8 15.6 8000000
36,asus intel core i5 11th gen windows 10 home 256 gb 8 15.6 12000000
37,asus amd ryzen 7 quad core 10th gen windows 10 home 512 gb 8 17.3 15000000
38,asus intel core i5 11th gen windows 11 home 512 gb 16 14 11000000
39,asus intel core i5 10th gen windows 11 home 512 gb 8 15.6 9000000
40,dell intel core i7 12th gen windows 11 home 1 tb 16 gb 26000000
41,dell intel core i5 12th gen windows 11 home 512 gb 16 16000000
42,dell intel core i7 12th gen windows 11 home 512 gb 16 24000000
43,asus intel core i3 11th gen windows 10 home 256 gb 8 15.6 7000000
44,dell intel core i5 11th gen windows 11 home 512 gb 16 15.6 14000000
45,dell intel core i7 12th gen windows 11 home 1 tb 16 gb 22000000
46,dell intel core i7 12th gen windows 11 home 512 gb 16 20000000
47,dell intel core i5 11th gen windows 11 home 512 gb 8 15.6 13000000
48,acer intel core i5 11th gen windows 11 home 512 gb 8 9000000
49,asus intel core i3 11th gen windows 11 home 256 gb 8 15.6 9000000
50,asus intel core i3 10th gen windows 11 home 8 gb 15.6 5000000
51,asus intel core i5 11th gen windows 11 home 512 gb 16 15.6 12000000
52,hp intel core i5 11th gen windows 11 home 512 gb 8 12000000
53,hp windows 11 home 512 gb 16 14 13000000
54,hp windows 11 home 512 gb 16 14 12000000
55,asus intel core i5 11th gen windows 10 home 1 tb 8 gb 15.6 15000000
56,acer windows 11 home 256 gb 4 4000000
57,acer windows 11 home 128 gb 4 4000000
58,acer intel core i5 11th gen windows 11 home 512 gb 8 15.6 12000000
59,asus windows 11 home 256 gb 4 14 4000000
60,acer intel core i5 11th gen windows 11 home 512 gb 8 9000000
61,acer intel core i7 12th gen windows 11 home 512 gb 16 15.6 20000000
62,hp windows 10 home 512 gb 8 14000000
63,hp intel core i7 12th gen windows 11 home 1 tb 16 gb 16.1 24000000
64,lenovo intel core i3 11th gen windows 10 home 512 gb 8 15.6 10000000
65,asus amd ryzen 5 quad core 3rd gen windows 11 home 512 gb 8 15.6 8000000
66,dell windows 11 home 256 gb 8 15.6 7000000
67,asus intel core i5 11th gen windows 11 home 256 gb 8 15.6 12000000
68,asus amd ryzen 7 quad core 10th gen windows 11 home 512 gb 16 15.6 17000000
69,dell windows 10 home 512 gb 16 13000000
70,dell intel core i5 11th gen windows 10 512 gb 16 17000000
71,asus intel core i7 12th gen windows 11 home 512 gb 16 15.6 22000000
72,asus intel core i9 12th gen windows 11 home 1 tb 32 gb 17.3 44000000
73,asus intel core i9 12th gen windows 11 home 1 tb 32 gb 15.6 43000000
74,hp windows 11 home 512 gb 16 16.1 19000000
75,lenovo amd ryzen 7 octa core 5th gen windows 11 home 512 gb 16 15.6 16000000
76,lenovo intel core i5 11th gen windows 11 home 512 gb 16 14 14000000
77,lenovo intel core i7 11th gen windows 11 home 512 gb 16 14 14000000
78,lenovo windows 10 256 gb 4 15.6 5000000
79,lenovo amd ryzen 7 octa core 5th gen windows 11 home 1 tb 16 gb 13.3 17000000
80,asus intel core i5 10th gen windows 11 home 1 tb 8 gb 15.6 12000000
81,dell windows 11 home 256 gb 8 6000000
82,dell windows 11 home 256 gb 8 5000000
83,dell intel core i5 11th gen windows 11 home 512 gb 16 13.4 28000000
84,lenovo amd ryzen 7 octa core 5th gen windows 10 home 512 gb 16 14 18000000
85,asus amd ryzen 7 dual core 7th gen windows 11 home 512 gb 16 15.6 15000000
86,asus amd ryzen 3 quad core 3rd gen windows 11 home 256 gb 8 15.6 7000000
87,asus amd ryzen 9 octa core 5th gen windows 10 home 1 tb 32 gb 24000000
88,msi intel core i7 11th gen windows 10 home 1 tb 16 gb 30000000
89,asus intel core i3 11th gen windows 11 home 256 gb 8 15.6 9000000
90,realme intel core i5 11th gen windows 11 home 512 gb 16 14 12000000
91,realme intel core i5 11th gen windows 11 home 512 gb 16 14 12000000
92,realme intel core i5 11th gen windows 11 home 512 gb 16 14 12000000
93,dell intel core i7 11th gen windows 11 home 512 gb 16 15.6 19000000
94,dell windows 11 home 512 gb 8 15.6 13000000
95,avita windows 11 home 128 gb 4 4000000
96,dell windows 11 home 512 gb 16 15.6 17000000
97,hp intel core i3 11th gen windows 11 home 512 gb 8 7000000
98,dell windows 11 home 512 gb 16 15.6 14000000
99,asus windows 11 home 512 gb 8 14 8000000
100,asus intel core i3 11th gen windows 11 home 256 gb 8 9000000
101,asus intel core i5 10th gen windows 11 home 8 gb 15.6 8000000
102,asus windows 11 home 128 gb 4 4000000
103,asus windows 11 home 128 gb 4 5000000
104,asus windows 11 home 512 gb 16 12000000
105,asus intel core i5 11th gen windows 11 home 512 gb 8 12000000
106,asus windows 11 home 512 gb 16 12000000
107,asus windows 11 home 256 gb 4 15.6 5000000
108,asus intel core i3 11th gen windows 11 home 512 gb 8 10000000
109,asus intel core i3 10th gen windows 11 home 512 gb 8 15.6 7000000
110,asus windows 11 home 512 gb 16 14 10000000
111,asus intel core i3 11th gen windows 11 home 8 gb 15.6 6000000
112,asus intel core i3 11th gen windows 11 home 256 gb 8 15.6 7000000
113,hp windows 11 home 512 gb 8 11000000
114,hp intel core i9 11th gen windows 11 pro 1 tb 32 gb 15.6 39000000
115,hp chrome 4 gb 5000000
116,hp chrome 4 gb 5000000
117,hp intel core i7 11th gen windows 11 pro 1 tb 16 gb 31000000
118,hp windows 11 home 512 gb 8 10000000
119,hp windows 11 home 512 gb 8 11000000
120,hp windows 11 home 512 gb 8 11000000
121,hp windows 11 home 512 gb 8 10000000
122,hp intel core i7 11th gen windows 11 pro 1 tb 16 gb 31000000
123,dell intel core i3 11th gen windows 11 home 512 gb 8 8000000
124,asus windows 11 home 512 gb 16 15.6 10000000
125,asus intel core i3 11th gen dos 256 gb 4 15.6 6000000
126,lenovo intel core i5 11th gen windows 11 home 512 gb 8 15.6 13000000
127,hp intel core i3 11th gen windows 11 home 512 gb 8 14 10000000
128,hp windows 11 home 8 gb 7000000
129,lenovo windows 11 home 512 gb 16 15.6 14000000
130,lenovo windows 11 home 512 gb 8 15.6 13000000
131,lenovo intel core i3 11th gen windows 11 home 512 gb 8 11000000
132,lenovo windows 11 home 256 gb 4 4000000
133,hp intel core i7 11th gen windows 11 home 512 gb 16 14 16000000
134,lenovo windows 11 home 512 gb 8 11000000
135,lenovo intel core i3 11th gen windows 11 home 512 gb 8 8000000
136,hp intel core i5 11th gen windows 11 home 512 gb 16 14 14000000
137,lenovo intel core i7 11th gen windows 11 home 512 gb 16 19000000
138,dell windows 11 home 512 gb 8 8000000
139,dell intel core i3 10th gen windows 11 home 512 gb 8 15.6 7000000
140,hp intel core i3 11th gen windows 10 home 512 gb 8 8000000
141,dell windows 11 home 512 gb 8 15.6 7000000
142,dell intel core i3 10th gen windows 11 home 256 gb 8 15.6 7000000
143,hp intel core i7 12th gen windows 11 home 1 tb 16 gb 16.1 29000000
144,asus intel core i3 10th gen windows 10 home 256 gb 4 14 7000000
145,hp windows 11 home 512 gb 16 19000000
146,hp windows 11 home 1 tb 16 gb 16.1 23000000
147,hp intel core i3 11th gen windows 11 home 8 gb 15.6 7000000
148,hp windows 11 home 8 gb 15.6 7000000
149,asus windows 11 home 512 gb 8 16000000
150,asus intel core i5 10th gen windows 11 home 512 gb 8 11000000
151,hp intel core i3 11th gen windows 11 home 512 gb 8 15.6 8000000
152,asus windows 11 home 1 tb 16 gb 21000000
153,asus windows 11 home 1 tb 16 gb 25000000
154,hp windows 11 home 256 gb 8 14 6000000
155,lenovo windows 11 home 512 gb 16 13.3 15000000
156,asus intel pentium quad core 10th gen windows 11 home 128 gb 4 13.3 10000000
157,asus intel core i7 11th gen windows 10 home 512 gb 16 17.3 18000000
158,hp intel core i5 11th gen windows 10 pro 512 gb 8 15.6 17000000
159,msi intel core i7 12th gen windows 11 home 1 tb 16 gb 15.6 49000000
160,msi intel core i7 12th gen windows 11 home 1 tb 16 gb 15.6 34000000
161,samsung windows 11 home 4 gb 7000000
162,acer intel core i9 11th gen windows 11 home 1 tb 16 gb 27000000
163,lenovo intel core i5 10th gen dos 4 gb 14 9000000
164,hp intel core i7 11th gen windows 11 home 1 tb 16 gb 22000000
165,hp intel core i7 11th gen windows 11 home 1 tb 16 gb 22000000
166,asus windows 11 home 4 gb 15.6 5000000
167,msi intel core i7 11th gen windows 10 home 512 gb 8 15.6 16000000
168,hp windows 10 home 512 gb 8 15.6 9000000
169,hp intel core i3 10th gen windows 10 pro 512 gb 8 14 10000000
170,asus intel core i3 11th gen windows 11 home 256 gb 8 15.6 9000000
171,asus windows 11 home 4 gb 11.6 5000000
172,asus intel core i3 11th gen windows 11 home 256 gb 8 15.6 8000000
173,asus windows 11 home 512 gb 16 11000000
174,asus windows 11 home 512 gb 16 15.6 11000000
175,asus windows 11 home 4 gb 4000000
176,asus intel core i3 10th gen windows 11 home 8 gb 15.6 6000000
177,asus windows 11 home 4 gb 4000000
178,asus windows 11 home 256 gb 8 6000000
179,asus intel core i5 11th gen windows 11 home 512 gb 16 14 21000000
180,asus windows 11 home 1 tb 16 gb 21000000
181,asus intel core i9 12th gen windows 11 home 1 tb 32 gb 15.6 57000000
182,asus windows 11 home 512 gb 16 21000000
183,infinix intel core i7 10th gen windows 11 home 512 gb 16 9000000
184,asus windows 11 home 512 gb 16 20000000
185,asus windows 11 home 1 tb 16 gb 21000000
186,infinix intel core i7 10th gen windows 11 home 512 gb 16 9000000
187,asus intel core i9 12th gen windows 11 home 2 tb 32 gb 15.6 50000000
188,asus windows 11 home 1 tb 16 gb 14 19000000
189,asus windows 11 home 1 tb 8 gb 14 22000000
190,asus windows 10 home 1 tb 8 gb 19000000
191,asus windows 11 home 1 tb 16 gb 31000000
192,asus intel core i5 11th gen windows 11 home 512 gb 16 15000000
193,asus windows 11 home 1 tb 16 gb 25000000
194,asus intel core i5 11th gen windows 11 home 256 gb 8 14 9000000
195,asus intel core i7 11th gen windows 11 home 1 tb 16 gb 18000000
196,dell intel core i3 10th gen windows 11 home 512 gb 8 7000000
197,asus intel core i5 11th gen windows 11 home 512 gb 8 13000000
198,asus intel core i3 11th gen windows 11 home 256 gb 8 6000000
199,dell windows 10 home 8 gb 15.6 10000000
200,hp windows 11 home 256 gb 8 14 6000000
201,asus intel core i5 11th gen windows 11 home 512 gb 16 15000000
202,asus intel core i7 11th gen windows 11 home 512 gb 16 17000000
203,asus windows 11 home 1 tb 16 gb 21000000
204,dell intel core i3 11th gen windows 10 home 256 gb 8 8000000
205,hp windows 10 home 512 gb 8 16.1 13000000
206,acer windows 11 home 4 gb 15.6 5000000
207,acer intel core i3 11th gen windows 11 home 256 gb 4 15.6 6000000
208,acer intel core i3 11th gen windows 11 home 512 gb 8 7000000
209,hp intel core i5 11th gen windows 10 home 512 gb 8 16.1 15000000
210,acer intel core i5 11th gen windows 11 home 8 gb 9000000
211,acer windows 11 home 256 gb 4 4000000
212,lenovo intel core i5 11th gen windows 11 home 512 gb 16 12000000
213,lenovo intel core i3 11th gen windows 11 home 512 gb 8 7000000
214,lenovo intel core i5 10th gen windows 11 home 512 gb 8 8000000
215,lenovo intel core i5 11th gen windows 11 home 512 gb 8 9000000
216,asus intel core i3 11th gen windows 11 home 512 gb 8 14.1 8000000
217,asus windows 11 home 4 gb 15.6 5000000
218,lenovo windows 11 home 1 tb 16 gb 14 13000000
219,lenovo intel core i5 11th gen windows 10 home 512 gb 8 14 11000000
220,msi intel core i5 11th gen windows 10 home 512 gb 8 14000000
221,msi amd ryzen 5 hexa core 5th gen windows 10 home 256 gb 8 14 9000000
222,hp intel core i3 11th gen windows 11 home 256 gb 8 15.6 7000000
223,dell windows 11 home 512 gb 16 15.6 21000000
224,dell intel core i5 11th gen windows 11 home 512 gb 16 15.6 16000000
225,dell intel core i7 11th gen windows 11 home 512 gb 16 15.6 19000000
226,msi intel core i7 11th gen windows 10 home 512 gb 16 18000000
227,dell intel core i7 11th gen windows 11 home 512 gb 16 15.6 19000000
228,msi amd ryzen 7 octa core 5th gen windows 11 home 512 gb 8 15.6 13000000
229,hp intel core i3 11th gen windows 11 home 512 gb 8 15.6 8000000
230,hp intel core i5 11th gen windows 11 home 512 gb 8 10000000
231,hp intel core i5 11th gen windows 11 home 512 gb 8 15.6 11000000
232,acer intel core i5 11th gen windows 11 home 8 gb 9000000
233,acer windows 11 home 512 gb 8 15.6 6000000
234,hp intel core i3 11th gen windows 11 home 512 gb 8 8000000
235,acer windows 11 home 512 gb 4 6000000
236,asus intel core i3 11th gen windows 11 home 512 gb 8 14 8000000
237,asus intel core i5 11th gen windows 11 home 512 gb 16 16000000
238,lenovo intel core i3 10th gen windows 11 home 8 gb 15.6 7000000
239,asus windows 11 home 512 gb 16 17000000
240,asus intel core i3 11th gen windows 11 home 512 gb 8 14 8000000
241,asus windows 11 home 4 gb 13.3 8000000
242,asus windows 11 home 256 gb 8 10000000
243,asus intel core i7 11th gen windows 11 home 512 gb 16 20000000
244,asus intel core i7 11th gen windows 11 home 1 tb 16 gb 14 25000000
245,asus intel core i5 11th gen windows 11 home 512 gb 8 14 19000000
246,asus intel core i3 11th gen windows 11 home 512 gb 8 14 8000000
247,asus intel core i5 11th gen windows 11 home 512 gb 16 16000000
248,asus intel core i3 11th gen windows 11 home 512 gb 8 14 8000000
249,asus windows 11 home 256 gb 4 5000000
250,asus intel core i5 11th gen windows 11 home 512 gb 16 14 21000000
251,asus intel core i5 11th gen windows 11 home 512 gb 8 14 19000000
252,dell intel core i5 11th gen windows 11 home 512 gb 16 15.6 13000000
253,dell intel core i5 10th gen windows 11 home 512 gb 16 15.6 13000000
254,lenovo intel core i5 11th gen windows 11 home 512 gb 16 14 13000000
255,hp windows 11 home 512 gb 8 15.6 9000000
256,hp windows 11 home 512 gb 8 15.6 9000000
257,hp intel core i3 11th gen windows 11 home 512 gb 8 15.6 8000000
258,lenovo intel core i5 11th gen windows 11 home 512 gb 8 15.6 10000000
259,asus windows 10 home 512 gb 16 14 15000000
260,asus windows 10 home 512 gb 16 14 15000000
261,asus intel core i5 11th gen windows 11 home 512 gb 16 14 12000000
262,asus intel core i3 10th gen windows 10 pro 256 gb 8 15.6 7000000
263,acer windows 11 home 1 tb 16 gb 14 19000000
264,acer intel core i5 11th gen windows 11 home 512 gb 8 14000000
265,lenovo intel core i3 10th gen windows 11 home 8 gb 6000000
266,dell intel core i5 11th gen windows 11 home 512 gb 8 15.6 16000000
267,acer intel core i9 11th gen windows 11 home 1 tb 16 gb 15.6 26000000
268,acer intel core i9 11th gen windows 11 home 1 tb 32 gb 15.6 32000000
269,dell intel pentium quad core 11th gen windows 11 home 256 gb 4 15.6 6000000
270,lenovo intel core i3 10th gen windows 11 home 256 gb 4 14 6000000
271,dell intel core i3 11th gen windows 11 home 256 gb 16 15.6 9000000
272,asus intel core i3 11th gen windows 11 home 256 gb 8 15.6 7000000
273,asus windows 10 home 512 gb 16 17.3 15000000
274,hp intel core i5 11th gen windows 11 home 512 gb 8 10000000
275,hp windows 11 home 256 gb 8 5000000
276,hp windows 11 home 512 gb 8 7000000
277,dell intel core i5 11th gen windows 11 home 512 gb 8 14 10000000
278,dell windows 11 home 256 gb 8 15.6 8000000
279,dell intel core i5 11th gen windows 11 home 512 gb 16 14 13000000
280,msi intel core i7 12th gen windows 11 home 1 tb 16 gb 15.6 26000000
281,asus intel core i5 11th gen windows 11 home 512 gb 8 15000000
282,dell intel core i3 11th gen windows 11 home 256 gb 4 14 8000000
283,msi intel core i7 12th gen windows 11 home 1 tb 32 gb 53000000
284,dell intel core i5 11th gen windows 11 home 512 gb 16 14 11000000
285,dell intel core i5 11th gen windows 11 home 256 gb 8 15.6 11000000
286,dell intel core i3 10th gen windows 11 home 256 gb 8 7000000
287,dell intel core i3 11th gen windows 11 home 256 gb 8 7000000
288,msi amd ryzen 9 octa core 5th gen windows 11 home 1 tb 16 gb 15.6 24000000
289,acer windows 11 home 512 gb 8 15.6 9000000
290,dell windows 11 home 256 gb 8 7000000
291,lenovo intel core i3 10th gen windows 11 home 8 gb 15.6 7000000
292,hp windows 11 home 512 gb 8 15.6 7000000
293,lenovo intel core i3 10th gen windows 11 home 512 gb 8 15.6 7000000
294,lenovo intel core i3 10th gen windows 11 home 256 gb 4 6000000
295,lenovo intel core i5 11th gen windows 10 pro 512 gb 8 15.6 17000000
296,hp windows 11 home 512 gb 8 14 9000000
297,asus amd ryzen 9 octa core 9th gen windows 11 home 1 tb 16 gb 24000000
298,dell intel core i3 11th gen windows 10 home 256 gb 8 15.6 9000000
299,msi intel core i5 11th gen windows 10 home 512 gb 8 14 8000000
300,msi intel core i7 11th gen windows 10 home 512 gb 8 14 14000000
301,hp intel core i3 11th gen windows 11 home 256 gb 8 14 10000000
302,asus intel core i3 11th gen windows 11 home 512 gb 8 14 10000000
303,asus intel core i5 11th gen windows 11 home 512 gb 8 14 12000000
304,asus intel core i3 11th gen windows 11 home 256 gb 8 9000000
305,hp windows 11 home 512 gb 8 14 8000000
306,asus windows 11 home 256 gb 8 14.1 6000000
307,asus windows 11 home 256 gb 8 14 6000000
308,asus intel core i3 10th gen windows 10 home 4 gb 15.6 7000000
309,lenovo windows 11 home 512 gb 16 15.6 14000000
310,acer intel core i3 11th gen windows 10 home 4 gb 15.6 7000000
311,lenovo windows 11 home 512 gb 16 15000000
312,hp intel core i7 11th gen windows 10 pro 512 gb 8 14 22000000
313,lenovo windows 11 home 1 tb 16 gb 13.3 15000000
314,lenovo intel core i5 11th gen windows 11 home 512 gb 16 13000000
315,lenovo intel core i3 10th gen windows 11 home 512 gb 8 6000000
316,lenovo intel core i7 11th gen windows 11 home 512 gb 16 14.22 16000000
317,lenovo intel core i3 11th gen windows 11 home 512 gb 8 14 7000000
318,hp intel core i7 11th gen windows 11 home 1 tb 16 gb 25000000
319,asus intel core i3 11th gen windows 11 home 512 gb 8 15.6 7000000
320,lenovo intel core i3 11th gen windows 11 home 256 gb 8 15 7000000
321,dell intel core i5 11th gen windows 11 home 256 gb 8 15.6 11000000
322,lg intel core i5 11th gen windows 11 home 256 gb 8 14 14000000
323,lg intel core i5 11th gen windows 11 home 256 gb 8 14 14000000
324,lenovo intel core i3 11th gen windows 11 home 256 gb 8 7000000
325,lg intel core i5 11th gen windows 11 home 512 gb 8 16 16000000
326,acer windows 11 home 512 gb 8 15.6 8000000
327,asus windows 10 home 512 gb 16 15.6 18000000
328,acer intel core i3 11th gen windows 11 home 256 gb 4 15.6 6000000
329,asus windows 10 home 1 tb 16 gb 15.6 25000000
330,asus windows 10 home 4 gb 15.6 5000000
331,acer intel core i5 11th gen windows 11 home 512 gb 8 15.6 11000000
332,asus intel core i3 11th gen windows 11 home 512 gb 8 14.1 7000000
333,asus intel core i5 11th gen windows 11 home 512 gb 16 17.3 11000000
334,asus amd ryzen 9 octa core 11th gen windows 10 home 1 tb 16 gb 14 25000000
335,hp intel core i3 11th gen windows 10 8 gb 15.6 8000000
336,asus intel core i5 11th gen windows 10 home 256 gb 8 14 8000000
337,dell windows 11 home 512 gb 8 8000000
338,dell intel core i3 11th gen windows 11 home 512 gb 8 8000000
339,dell intel core i3 11th gen windows 11 home 256 gb 8 9000000
340,dell intel core i5 11th gen windows 11 home 256 gb 8 14 11000000
341,dell windows 11 home 512 gb 8 14 13000000
342,dell intel core i3 10th gen windows 11 home 512 gb 8 14 7000000
343,dell intel core i3 10th gen windows 11 home 8 gb 15.6 7000000
344,dell windows 11 home 512 gb 8 14 11000000
345,dell intel core i3 11th gen windows 11 home 8 gb 14.96 6000000
346,dell windows 11 home 512 gb 8 7000000
347,dell intel core i5 11th gen windows 11 home 256 gb 8 12000000
348,dell windows 11 home 8 gb 7000000
349,dell intel core i5 11th gen windows 11 home 512 gb 8 15.6 12000000
350,dell windows 11 home 256 gb 8 6000000
351,dell intel core i3 11th gen windows 11 home 256 gb 8 8000000
352,dell intel core i5 11th gen windows 11 home 512 gb 8 14000000
353,dell intel core i5 11th gen windows 11 home 512 gb 16 15.6 14000000
354,hp windows 10 home 8 gb 15.6 7000000
355,lenovo windows 11 home 512 gb 8 15.6 9000000
356,asus intel core i3 10th gen windows 10 home 8 gb 14.1 5000000
357,lenovo intel core i3 10th gen windows 11 home 256 gb 4 7000000
358,msi intel core i5 11th gen windows 10 home 512 gb 8 14 10000000
359,hp intel core i3 11th gen windows 11 home 512 gb 8 15.6 8000000
360,hp intel core i3 11th gen windows 11 home 512 gb 8 14 10000000
361,hp intel core i5 11th gen windows 11 home 512 gb 8 15.6 10000000
362,lenovo intel core i3 11th gen windows 11 home 512 gb 8 15.6 8000000
363,hp intel core i3 11th gen windows 11 home 512 gb 8 15.6 8000000
364,hp intel core i5 11th gen windows 10 home 512 gb 16 13.5 21000000
365,lenovo windows 11 home 512 gb 8 15.6 9000000
366,lenovo intel core i3 11th gen windows 11 home 256 gb 8 14 7000000
367,msi intel core i7 11th gen windows 10 home 512 gb 16 14 16000000
368,msi intel core i3 11th gen windows 10 home 512 gb 8 14 7000000
369,dell intel core i5 11th gen windows 10 512 gb 8 11000000
370,dell intel core i5 11th gen windows 11 home 512 gb 8 14 14000000
371,dell intel core i5 11th gen windows 11 home 512 gb 8 15.6 11000000
372,dell windows 11 home 512 gb 16 14 16000000
373,dell windows 11 home 8 gb 7000000
374,dell intel core i3 10th gen windows 11 home 512 gb 8 15.6 9000000
375,dell windows 11 home 256 gb 8 11000000
376,dell intel core i3 11th gen windows 11 home 512 gb 8 14 11000000
377,dell intel core i5 11th gen windows 11 home 256 gb 8 15.6 11000000
378,dell windows 10 256 gb 8 15.6 7000000
379,dell intel core i5 11th gen windows 11 home 512 gb 8 13000000
380,dell windows 11 home 256 gb 4 15.6 6000000
381,dell intel core i3 11th gen windows 11 home 256 gb 4 14 6000000
382,dell intel core i5 11th gen windows 11 home 256 gb 8 10000000
383,dell intel core i3 11th gen windows 11 home 256 gb 8 14 9000000
384,dell intel core i5 11th gen windows 11 home 512 gb 16 14 17000000
385,dell intel core i3 10th gen windows 11 home 256 gb 4 14 6000000
386,dell windows 11 home 256 gb 8 14 8000000
387,dell windows 11 home 512 gb 8 15.6 12000000
388,dell intel core i3 11th gen windows 11 home 256 gb 8 8000000
389,dell windows 11 home 256 gb 8 7000000
390,dell windows 11 home 256 gb 8 8000000
391,dell intel core i5 11th gen windows 11 home 512 gb 16 13000000
392,dell intel core i3 11th gen windows 11 home 256 gb 8 15.6 9000000
393,dell windows 11 home 512 gb 8 15.6 9000000
394,asus intel core i5 11th gen windows 10 home 512 gb 16 10000000
395,dell intel core i5 11th gen windows 10 home 512 gb 16 15.6 14000000
396,asus intel core i3 11th gen windows 11 home 512 gb 8 15.6 9000000
397,dell intel core i5 10th gen windows 10 512 gb 8 15.6 14000000
398,dell windows 10 256 gb 8 15.6 9000000
399,dell intel core i5 11th gen windows 10 256 gb 8 11000000
400,hp intel core i3 11th gen windows 10 8 gb 14 6000000
401,asus intel core i5 11th gen windows 11 home 256 gb 8 15.6 9000000
402,asus intel core i5 11th gen windows 11 home 512 gb 16 14 10000000
403,asus intel core i5 11th gen windows 11 home 512 gb 16 14 10000000
404,asus intel core i3 11th gen windows 11 home 256 gb 8 15.6 9000000
405,asus intel core i5 11th gen windows 11 home 512 gb 16 14 10000000
406,asus windows 11 home 256 gb 8 15.6 11000000
407,asus windows 11 home 256 gb 8 15.6 11000000
408,dell intel core i3 11th gen windows 11 home 8 gb 15.6 8000000
409,asus intel core i3 11th gen windows 11 home 512 gb 8 15.6 9000000
410,asus intel core i5 11th gen windows 11 home 256 gb 16 15.6 13000000
411,asus intel core i3 11th gen windows 11 home 256 gb 8 15.6 7000000
412,lenovo intel core i7 11th gen windows 11 home 512 gb 16 14 16000000
413,hp amd ryzen 7 quad core 3rd gen windows 10 home 512 gb 16 13.3 20000000
414,asus intel core i3 10th gen windows 10 home 256 gb 8 14 6000000
415,asus intel core i3 10th gen dos 4 gb 15.6 6000000
416,asus intel core i3 10th gen windows 10 home 256 gb 8 14 6000000
417,asus intel core i3 11th gen windows 10 home 256 gb 8 14 6000000
418,asus amd ryzen 7 octa core 5th gen windows 10 home 1 tb 16 gb 15.6 17000000
419,asus intel core i9 11th gen windows 10 1 tb 16 gb 15.6 26000000
420,hp windows 11 home 512 gb 8 15.6 11000000
421,hp intel core i3 11th gen chrome 256 gb 8 14 9000000
422,dell windows 10 8 gb 15.6 8000000
423,hp intel core i7 11th gen windows 10 pro 1 tb 16 gb 13.5 29000000
424,hp windows 11 home 1 tb 16 gb 15000000
425,hp windows 11 home 512 gb 16 13.3 12000000
426,hp windows 11 home 512 gb 16 15.6 15000000
427,hp intel core i5 11th gen windows 11 home 512 gb 8 10000000
428,hp intel core i7 11th gen windows 11 home 512 gb 16 16000000
429,hp intel core i5 11th gen chrome 256 gb 8 14 11000000
430,hp intel core i7 11th gen windows 10 home 1 tb 16 gb 16.1 32000000
431,hp windows 11 home 512 gb 8 15.6 13000000
432,hp intel core i5 11th gen windows 11 home 512 gb 8 14 11000000
433,hp intel core i5 11th gen windows 11 home 512 gb 16 14 12000000
434,dell windows 10 512 gb 8 18000000
435,hp intel core i5 11th gen windows 11 home 512 gb 8 11000000
436,asus windows 10 home 1 tb 16 gb 20000000
437,asus intel core i7 11th gen windows 10 home 256 gb 8 15.6 15000000
438,asus intel core i3 10th gen windows 10 home 4 gb 15.6 6000000
439,asus intel core i5 11th gen windows 10 home 256 gb 8 15.6 11000000
440,msi intel core i9 11th gen windows 10 home 1 tb 16 gb 34000000
441,asus intel core i3 11th gen windows 10 home 256 gb 8 15.6 7000000
442,lenovo intel core i5 10th gen windows 11 home 512 gb 8 15.6 10000000
443,hp intel core i3 10th gen windows 10 512 gb 8 14.1 8000000
444,dell windows 10 1 tb 8 gb 15.6 11000000
445,infinix intel core i7 10th gen windows 11 home 512 gb 16 9000000
446,hp intel core i3 11th gen windows 11 home 256 gb 8 14 7000000
447,infinix intel core i3 10th gen windows 11 home 256 gb 8 14 5000000
448,infinix intel core i5 10th gen windows 11 home 512 gb 8 14 7000000
449,infinix intel core i3 10th gen windows 11 home 256 gb 8 14 5000000
450,infinix intel core i5 10th gen windows 11 home 512 gb 8 14 7000000
451,infinix intel core i3 10th gen windows 11 home 256 gb 8 14 5000000
452,asus amd ryzen 5 octa core 11th gen windows 10 home 512 gb 16 13.3 14000000
453,lenovo intel core i3 11th gen windows 11 home 512 gb 8 15.6 8000000
454,hp intel core i3 11th gen windows 10 home 8 gb 7000000
455,lenovo windows 11 home 512 gb 8 14 9000000
456,asus intel core i5 11th gen windows 10 home 256 gb 16 12000000
457,asus windows 10 home 512 gb 16 17000000
458,asus intel core i3 11th gen windows 11 home 256 gb 8 14.1 7000000
459,lenovo windows 11 home 512 gb 16 14 12000000
460,asus windows 10 home 256 gb 4 15.6 5000000
461,hp intel core i5 11th gen windows 11 home 512 gb 16 14 12000000
462,asus chrome 4 gb 3000000
463,lenovo windows 11 home 512 gb 8 15.6 11000000
464,lenovo intel core i3 11th gen windows 11 home 256 gb 8 15.6 7000000
465,asus intel core i3 11th gen windows 11 home 256 gb 4 6000000
466,avita intel core i5 10th gen windows 10 home 512 gb 8 14 8000000
467,dell intel core i3 11th gen windows 10 256 gb 8 15.6 8000000
468,dell intel core i3 11th gen windows 10 256 gb 4 14 8000000
469,dell intel core i5 11th gen windows 10 512 gb 16 13000000
470,dell windows 10 512 gb 8 9000000
471,msi intel core i3 10th gen windows 10 home 256 gb 8 14 6000000
472,asus intel core i3 11th gen windows 10 home 8 gb 15.6 6000000
473,msi intel core i3 10th gen windows 10 home 512 gb 8 14 8000000
474,msi intel core i7 10th gen windows 10 home 512 gb 8 14 11000000
475,msi intel core i5 11th gen windows 10 home 512 gb 16 14 14000000
476,asus intel core i5 11th gen windows 11 home 512 gb 16 15.6 16000000
477,asus intel core i3 10th gen windows 11 home 512 gb 4 15.6 6000000
478,asus intel core i7 10th gen windows 11 home 512 gb 16 15.6 11000000
479,asus intel core i3 10th gen windows 11 home 512 gb 8 15.6 7000000
480,asus intel core i7 10th gen windows 11 home 512 gb 16 15.6 11000000
481,asus intel core i3 10th gen windows 11 home 512 gb 8 15.6 7000000
482,dell intel core i5 11th gen windows 10 8 gb 15 11000000
483,lenovo windows 11 home 512 gb 8 15.6 14000000
484,hp intel core i3 11th gen windows 11 home 512 gb 8 15.6 8000000
485,asus intel core i3 11th gen windows 10 home 8 gb 15.6 6000000
486,dell intel core i3 11th gen windows 10 256 gb 8 15.6 9000000
487,asus windows 10 home 256 gb 8 14.1 6000000
488,asus amd ryzen 9 octa core 5th gen windows 10 home 1 tb 16 gb 14 26000000
489,dell intel core i3 11th gen windows 11 home 8 gb 15.6 7000000
490,acer intel core i5 11th gen windows 11 home 512 gb 8 14 11000000
491,hp windows 11 home 512 gb 16 14 11000000
492,lenovo intel core i7 10th gen windows 10 512 gb 16 12 32000000
493,hp intel core i5 11th gen windows 10 home 512 gb 8 15.6 12000000
494,hp windows 10 home 512 gb 8 14 10000000
495,asus amd ryzen 7 octa core 4th gen windows 10 home 1 tb 8 gb 14 15000000
496,lenovo windows 10 home 1 tb 16 gb 15.6 26000000
497,lenovo windows 11 home 512 gb 16 13.3 14000000
498,asus amd ryzen 7 octa core 4th gen windows 10 home 1 tb 8 gb 14 14000000
499,asus amd ryzen 7 octa core 5th gen windows 10 home 1 tb 8 gb 14 16000000
500,lenovo windows 10 home 256 gb 4 14 5000000
501,lenovo dos 4 gb 15.6 5000000
502,msi intel core i7 11th gen windows 10 home 1 tb 16 gb 22000000
503,dell intel core i3 10th gen windows 10 8 gb 15.6 7000000
504,msi intel core i5 11th gen windows 10 home 512 gb 16 13000000
505,lenovo windows 11 home 512 gb 16 13.3 14000000
506,lenovo intel core i3 11th gen windows 10 home 256 gb 4 15.6 8000000
507,apple mac os monterey 1 tb 16 gb 14.2 43000000
508,lenovo intel core i5 10th gen windows 10 home 8 gb 15.6 12000000
509,asus windows 10 home 512 gb 8 15.6 14000000
510,acer windows 10 home 256 gb 16 15.6 15000000
511,hp intel core i7 11th gen windows 10 home 1 tb 16 gb 13.5 24000000
512,hp intel core i3 11th gen windows 10 home 512 gb 8 14 11000000
513,hp windows 10 home 512 gb 16 14 11000000
514,lenovo intel core i3 10th gen windows 10 home 256 gb 8 15.6 8000000
515,asus amd ryzen 7 octa core 4th gen windows 10 512 gb 8 15.6 14000000
516,acer intel core i3 11th gen windows 10 home 256 gb 4 15.6 7000000
517,lenovo intel core i3 10th gen windows 10 home 256 gb 4 12 7000000
518,acer windows 10 home 256 gb 4 15.6 6000000
519,lenovo intel core i3 10th gen windows 10 home 256 gb 4 15.6 7000000
520,dell intel core i3 10th gen windows 10 256 gb 8 15.6 8000000
521,dell intel core i3 11th gen windows 10 home 8 gb 15.6 8000000
522,lenovo intel celeron dual core 4th gen chrome 4 gb 14 4000000
523,dell windows 10 512 gb 8 16000000
524,hp windows 10 home 1 tb 16 gb 16.1 26000000
525,asus intel core i5 11th gen windows 10 home 256 gb 8 15.6 10000000
526,dell intel core i5 11th gen windows 10 home 512 gb 16 15.6 13000000
527,dell intel core i7 11th gen windows 10 1 tb 16 gb 15.6 25000000
528,dell intel core i5 11th gen windows 10 256 gb 8 15.6 13000000
529,nokia intel core i5 11th gen windows 11 home 512 gb 8 14 8000000
530,nokia intel core i5 11th gen windows 11 home 512 gb 16 14 9000000
531,dell intel core i3 11th gen windows 10 256 gb 8 14 8000000
532,dell intel core i5 11th gen windows 10 512 gb 8 14 15000000
533,dell intel core i5 11th gen windows 10 512 gb 16 14 13000000
534,dell intel core i5 11th gen windows 10 512 gb 8 14 14000000
535,dell intel core i3 10th gen windows 10 8 gb 14.96 7000000
536,dell windows 10 512 gb 16 15000000
537,dell intel core i3 10th gen windows 10 256 gb 8 8000000
538,dell windows 10 256 gb 4 7000000
539,hp intel core i5 11th gen windows 10 home 512 gb 8 13.3 20000000
540,dell intel core i3 10th gen windows 10 256 gb 8 15.6 8000000
541,dell windows 10 256 gb 8 8000000
542,nokia intel core i5 10th gen windows 10 home 512 gb 8 14 7000000
543,hp intel core i5 11th gen windows 10 home 512 gb 16 14 15000000
544,dell intel core i5 11th gen windows 10 512 gb 8 14 11000000
545,dell intel core i7 11th gen windows 10 512 gb 16 15.6 20000000
546,dell intel core i5 11th gen windows 10 256 gb 8 14 9000000
547,dell intel core i5 11th gen windows 10 512 gb 16 14 15000000
548,dell intel core i3 11th gen windows 10 256 gb 8 15.6 9000000
549,hp intel core i5 11th gen windows 10 pro 512 gb 16 13.5 22000000
550,asus intel core i5 10th gen windows 10 home 8 gb 15.6 8000000
551,asus windows 10 home 1 tb 16 gb 13.4 25000000
552,asus windows 10 home 256 gb 8 15.6 11000000
553,asus intel core i3 11th gen windows 10 home 256 gb 8 15.6 8000000
554,asus windows 10 home 1 tb 32 gb 13.4 27000000
555,asus windows 10 home 1 tb 16 gb 15.6 22000000
556,asus intel core i7 11th gen windows 10 home 1 tb 16 gb 29000000
557,asus intel core i5 11th gen windows 10 home 256 gb 16 15.6 12000000
558,asus windows 10 home 1 tb 32 gb 13.4 29000000
559,asus intel core i7 11th gen windows 10 home 1 tb 16 gb 24000000
560,lenovo windows 10 home 512 gb 8 15.6 14000000
561,lenovo intel core i5 11th gen windows 10 home 512 gb 8 15.6 12000000
562,lenovo intel core i5 11th gen windows 10 home 512 gb 8 15.6 9000000
563,lenovo intel core i7 11th gen windows 11 home 1 tb 16 gb 30000000
564,lenovo intel celeron dual core 4th gen windows 11 home 256 gb 4 14 5000000
565,lenovo intel core i5 11th gen windows 11 home 512 gb 16 14 11000000
566,lenovo windows 10 home 512 gb 16 13.3 14000000
567,lenovo intel core i3 10th gen windows 11 home 256 gb 8 14 6000000
568,lenovo windows 10 home 256 gb 8 15.6 11000000
569,lenovo intel core i3 10th gen windows 10 home 256 gb 8 15.6 7000000
570,lenovo intel core i5 11th gen windows 11 home 512 gb 16 15.6 18000000
571,hp amd ryzen 3 hexa core 4th gen windows 10 512 gb 8 15.6 12000000
572,asus intel core i5 11th gen windows 10 home 512 gb 8 15.6 10000000
573,hp windows 10 home 512 gb 8 14 11000000
574,hp intel core i5 11th gen windows 10 home 512 gb 8 15.6 14000000
575,lenovo intel core i7 11th gen windows 10 home 512 gb 16 14 16000000
576,lenovo intel core i5 11th gen windows 10 home 512 gb 8 13 10000000
577,lenovo intel core i5 11th gen windows 10 home 512 gb 16 13 11000000
578,lenovo intel core i3 11th gen windows 10 home 256 gb 4 15 7000000
579,lenovo dos 512 gb 8 14 10000000
580,lenovo intel core i5 11th gen windows 10 home 1 tb 8 gb 13.3 11000000
581,lenovo intel core i7 11th gen windows 10 home 1 tb 16 gb 13 16000000
582,hp intel core i7 11th gen windows 10 home 512 gb 16 18000000
583,lenovo intel core i5 11th gen windows 10 home 512 gb 8 14 10000000
584,redmibook intel core i3 11th gen windows 10 512 gb 8 8000000
585,lenovo intel core i3 10th gen windows 10 256 gb 8 15.6 8000000
586,lenovo windows 10 home 4 gb 15.6 6000000
587,acer windows 10 home 256 gb 4 15.6 6000000
588,hp windows 10 home 256 gb 8 15.6 6000000
589,hp windows 10 home 512 gb 16 14 15000000
590,hp windows 10 home 512 gb 16 14 12000000
591,hp intel core i7 11th gen windows 10 home 1 tb 16 gb 13.3 17000000
592,lenovo intel core i7 11th gen windows 10 home 512 gb 16 15.6 22000000
593,lenovo intel core i5 11th gen windows 10 home 512 gb 8 15.6 12000000
594,lenovo intel core i5 11th gen windows 10 home 512 gb 16 13000000
595,lenovo intel core i5 10th gen windows 10 home 512 gb 8 10000000
596,lenovo chrome 4 gb 11.6 5000000
597,lenovo intel core i5 10th gen windows 10 home 512 gb 8 8000000
598,acer intel core i7 11th gen windows 10 home 512 gb 16 15.6 18000000
599,asus intel core i3 11th gen windows 10 home 256 gb 4 15.6 6000000
600,acer intel core i7 11th gen windows 10 home 512 gb 16 15.6 18000000
601,asus intel core i3 11th gen windows 10 home 256 gb 4 15.6 6000000
602,asus intel core i5 11th gen windows 10 home 512 gb 8 14 13000000
603,asus intel core i5 11th gen windows 10 home 256 gb 8 15.6 9000000
604,asus amd ryzen 3 dual core 3rd gen windows 10 home 256 gb 8 15.6 6000000
605,acer intel core i5 11th gen windows 10 home 8 gb 14 8000000
606,acer windows 10 home 512 gb 8 15.6 8000000
607,acer intel core i5 11th gen windows 11 home 512 gb 8 15.6 10000000
608,acer intel core i5 11th gen windows 10 home 256 gb 8 15.6 10000000
609,acer intel core i5 11th gen windows 11 home 256 gb 8 15.6 10000000
610,asus windows 10 home 1 tb 8 gb 15.6 17000000
611,asus amd ryzen 7 octa core 4th gen windows 10 home 512 gb 8 15.6 14000000
612,acer intel core i5 11th gen windows 10 home 256 gb 16 14 11000000
613,dell intel core i3 11th gen windows 10 256 gb 8 13000000
614,asus intel core i3 10th gen windows 10 home 4 gb 14 6000000
615,lenovo intel core i3 10th gen windows 11 home 256 gb 8 6000000
616,lenovo chrome 4 gb 3000000
617,asus amd ryzen 9 octa core 5th gen windows 10 home 1 tb 16 gb 15.6 24000000
618,msi intel core i5 10th gen windows 10 home 512 gb 8 14 8000000
619,msi intel core i3 11th gen windows 10 home 512 gb 8 14 8000000
620,msi intel core i7 11th gen windows 10 home 512 gb 8 14 11000000
621,msi intel core i7 11th gen windows 10 home 512 gb 8 14 15000000
622,msi intel core i5 11th gen windows 10 home 512 gb 8 14 8000000
623,asus intel core i5 11th gen windows 10 home 1 tb 8 gb 15.6 14000000
624,asus intel core i5 11th gen windows 10 home 512 gb 8 17.3 13000000
625,asus intel core i7 11th gen windows 10 home 1 tb 16 gb 15.6 19000000
626,asus intel core i5 10th gen windows 10 home 256 gb 8 15.6 12000000
627,asus intel core i5 9th gen windows 10 home 256 gb 8 15.6 11000000
628,asus intel core i7 10th gen windows 10 home 512 gb 8 15.6 12000000
629,asus windows 10 home 1 tb 8 gb 14 14000000
630,asus intel core i7 10th gen windows 10 home 256 gb 16 15.6 13000000
631,asus intel core i7 11th gen windows 10 home 512 gb 16 17.3 18000000
632,asus windows 10 home 512 gb 16 17.3 15000000
633,asus windows 10 home 1 tb 16 gb 15.6 26000000
634,asus intel core i7 10th gen windows 10 home 512 gb 16 15.6 12000000
635,asus windows 10 home 512 gb 8 15.6 9000000
636,lenovo intel core i3 11th gen windows 10 home 512 gb 8 15.6 9000000
637,lenovo intel core i5 11th gen windows 10 home 512 gb 16 14 15000000
638,lenovo intel core i5 11th gen windows 10 home 512 gb 16 14 13000000
639,asus intel core i3 11th gen windows 10 home 8 gb 15.6 7000000
640,asus windows 10 home 512 gb 8 15.6 9000000
641,asus amd ryzen 9 octa core 5th gen windows 10 home 1 tb 16 gb 15.6 22000000
642,msi intel core i5 10th gen windows 10 home 512 gb 8 15.6 13000000
643,msi intel core i7 10th gen windows 10 home 1 tb 16 gb 15.6 15000000
644,hp windows 10 home 512 gb 8 10000000
645,hp windows 10 home 512 gb 16 13000000
646,msi intel core i7 11th gen windows 10 home 1 tb 16 gb 16000000
647,msi intel core i7 10th gen windows 10 home 512 gb 16 15.6 15000000
648,hp intel core i5 11th gen windows 10 home 1 tb 16 gb 14 18000000
649,msi windows 10 home 1 tb 16 gb 15.6 18000000
650,asus intel core i3 10th gen windows 10 home 4 gb 15.6 5000000
651,asus intel core i3 10th gen windows 10 home 8 gb 14 6000000
652,acer intel core i7 11th gen windows 10 home 512 gb 16 15.6 21000000
653,asus intel core i5 11th gen windows 10 home 1 tb 8 gb 17.3 15000000
654,hp windows 10 home 1 tb 16 gb 13.3 17000000
655,asus intel core i3 11th gen windows 10 home 256 gb 8 15.6 7000000
656,asus intel core i5 11th gen windows 10 home 512 gb 8 15.6 10000000
657,asus intel core i7 11th gen windows 10 home 1 tb 16 gb 14 22000000
658,lenovo windows 10 home 512 gb 8 15.6 10000000
659,lenovo intel core i5 10th gen windows 10 home 8 gb 12000000
660,lenovo intel core i7 11th gen windows 10 home 512 gb 8 15.6 16000000
661,msi intel core i7 11th gen windows 10 home 1 tb 16 gb 15.6 39000000
662,asus windows 10 home 1 tb 16 gb 15.6 28000000
663,asus windows 10 home 512 gb 8 15.6 15000000
664,realme intel core i5 11th gen windows 10 home 512 gb 8 14 10000000
665,realme intel core i3 11th gen windows 10 home 256 gb 8 14 8000000
666,asus windows 10 home 512 gb 8 15.6 14000000
667,realme intel core i5 11th gen windows 10 home 512 gb 8 14 10000000
668,hp intel core i7 11th gen windows 10 home 512 gb 16 16000000
669,asus intel core i5 11th gen windows 10 home 512 gb 16 15.6 16000000
670,asus intel core i5 11th gen windows 10 home 512 gb 16 14 12000000
671,hp windows 10 home 512 gb 16 13.3 12000000
672,hp intel core i5 11th gen windows 10 home 512 gb 16 13.3 14000000
673,dell intel core i3 11th gen windows 10 home 8 gb 15.6 8000000
674,asus intel core i3 10th gen windows 10 home 4 gb 14.1 6000000
675,msi intel core i7 11th gen windows 10 home 512 gb 16 20000000
676,msi intel core i7 11th gen windows 10 home 1 tb 16 gb 34000000
677,acer intel core i7 11th gen windows 10 home 1 tb 16 gb 24000000
678,asus windows 10 home 1 tb 16 gb 15.6 29000000
679,hp windows 10 512 gb 8 15.6 11000000
680,asus windows 10 home 512 gb 8 15.6 13000000
681,asus intel core i5 11th gen windows 10 home 256 gb 8 15.6 12000000
682,lenovo intel core i3 10th gen windows 10 home 256 gb 8 14 7000000
683,redmibook intel core i5 11th gen windows 10 home 512 gb 8 15.6 9000000
684,redmibook intel core i3 11th gen windows 10 home 256 gb 8 15.6 7000000
685,msi windows 10 home 512 gb 8 14 8000000
686,hp intel core i5 11th gen windows 10 home 256 gb 8 12000000
687,asus windows 10 home 1 tb 16 gb 13.3 16000000
688,dell intel core i3 11th gen windows 10 256 gb 8 7000000
689,acer windows 10 home 512 gb 8 15.6 9000000
690,acer windows 10 home 512 gb 8 14 10000000
691,asus windows 10 home 512 gb 16 13.3 14000000
692,dell intel core i5 11th gen windows 10 256 gb 8 13000000
693,dell intel core i3 11th gen windows 10 8 gb 8000000
694,dell intel core i5 11th gen windows 10 512 gb 8 10000000
695,lenovo intel core i5 11th gen windows 10 home 512 gb 8 15.6 11000000
696,dell intel core i3 11th gen windows 10 home 256 gb 4 14 6000000
697,hp windows 10 home 512 gb 16 12000000
698,hp windows 10 home 512 gb 8 15.6 7000000
699,msi windows 10 home 512 gb 8 15.6 13000000
700,asus intel core i5 11th gen windows 10 home 256 gb 8 15.6 12000000
701,lenovo intel core i5 11th gen windows 10 home 256 gb 8 15.6 10000000
702,asus intel core i3 11th gen windows 10 256 gb 4 15.6 7000000
703,lenovo intel core i7 10th gen windows 10 home 512 gb 8 14000000
704,asus intel core i3 10th gen windows 10 home 512 gb 8 15.6 8000000
705,asus intel core i3 10th gen windows 10 home 512 gb 4 15.6 7000000
706,asus intel core i5 10th gen windows 10 home 512 gb 8 15.6 9000000
707,asus intel core i5 10th gen windows 10 home 512 gb 8 15.6 9000000
708,hp windows 10 home 256 gb 8 14 10000000
709,dell intel core i3 10th gen windows 10 512 gb 8 7000000
710,lenovo intel core i5 11th gen windows 10 512 gb 4 14 11000000
711,lenovo intel core i3 10th gen windows 10 home 8 gb 15.6 7000000
712,msi intel core i7 11th gen windows 10 home 1 tb 16 gb 21000000
713,lenovo intel core i3 10th gen windows 10 home 256 gb 4 15.6 7000000
714,lenovo intel core i3 10th gen windows 10 home 8 gb 15.6 6000000
715,lenovo intel core i3 11th gen windows 10 home 256 gb 8 15.6 7000000
716,avita windows 10 home 128 gb 4 4000000
717,asus windows 10 home 1 tb 16 gb 27000000
718,acer intel core i3 11th gen windows 10 home 256 gb 8 8000000
719,acer intel core i5 11th gen windows 10 home 256 gb 8 10000000
720,hp intel core i5 10th gen windows 10 home 512 gb 8 10000000
721,lenovo intel core i5 11th gen windows 10 home 512 gb 16 17000000
722,hp chrome 4 gb 11.6 3000000
723,lenovo intel core i5 11th gen windows 10 home 512 gb 8 10000000
724,apple mac os big sur 512 gb 8 13.3 19000000
725,apple mac os big sur 1 tb 8 gb 13.3 28000000
726,apple mac os big sur 512 gb 8 13.3 19000000
727,lenovo dos 4 gb 14 4000000
728,hp windows 10 home 1 tb 16 gb 15.6 20000000
729,asus chrome 4 gb 11.6 4000000
730,asus chrome 4 gb 11.6 3000000
731,asus chrome 4 gb 15.6 3000000
732,hp windows 10 home 1 tb 16 gb 15.6 30000000
733,asus chrome 4 gb 14 4000000
734,asus chrome 4 gb 14 3000000
735,asus windows 10 home 1 tb 32 gb 45000000
736,asus chrome 4 gb 15.6 4000000
737,hp windows 10 home 512 gb 16 16000000
738,asus windows 10 home 4 gb 11.6 4000000
739,lenovo windows 10 home 512 gb 8 15.6 14000000
740,asus windows 10 home 1 tb 8 gb 14.1 13000000
741,lenovo windows 10 4 gb 14 5000000
742,lenovo intel core i5 11th gen windows 10 home 512 gb 8 9000000
743,lenovo intel core i5 10th gen windows 10 home 512 gb 8 12000000
744,acer windows 10 home 256 gb 8 13000000
745,dell intel core i5 11th gen windows 10 512 gb 16 13000000
746,dell windows 10 512 gb 8 14 11000000
747,asus windows 10 home 1 tb 16 gb 19000000
748,asus windows 10 home 512 gb 8 14 11000000
749,lenovo windows 10 4 gb 5000000
750,hp intel core i3 10th gen windows 10 home 512 gb 8 15.6 8000000
751,dell intel core i5 11th gen windows 10 512 gb 16 16000000
752,asus intel core i5 10th gen windows 10 home 256 gb 8 15.6 10000000
753,dell intel core i5 11th gen windows 10 512 gb 16 13000000
754,dell windows 10 512 gb 8 11000000
755,dell intel core i5 11th gen windows 10 512 gb 16 13000000
756,dell intel core i5 11th gen windows 10 home 512 gb 16 15.6 13000000
757,dell intel core i5 11th gen windows 10 512 gb 16 16000000
758,dell intel core i7 11th gen windows 10 1 tb 16 gb 34000000
759,asus windows 10 home 512 gb 16 14000000
760,hp windows 10 home 512 gb 8 15.6 12000000
761,dell intel core i5 11th gen windows 10 512 gb 16 15000000
762,dell intel core i5 11th gen windows 10 512 gb 8 13000000
763,asus intel core i7 11th gen windows 10 home 1 tb 8 gb 20000000
764,msi intel core i5 10th gen windows 10 home 8 gb 15.6 10000000
765,dell intel core i5 10th gen windows 10 512 gb 16 14000000
766,dell intel core i5 10th gen windows 10 512 gb 16 14000000
767,asus windows 10 home 1 tb 16 gb 20000000
768,asus intel core i5 11th gen windows 10 home 1 tb 8 gb 15000000
769,dell intel core i5 10th gen windows 10 512 gb 8 12000000
770,msi intel core i7 11th gen windows 10 home 1 tb 16 gb 15.6 24000000
771,hp intel core i3 10th gen windows 10 home 8 gb 7000000
772,lenovo intel core i5 11th gen windows 10 home 256 gb 8 15.6 11000000
773,lenovo intel core i5 11th gen windows 10 home 512 gb 16 12000000
774,dell intel core i3 10th gen windows 10 home 256 gb 4 14 7000000
775,hp windows 10 home 512 gb 8 15.6 11000000
776,dell windows 10 512 gb 8 13000000
777,dell intel core i5 11th gen windows 10 512 gb 8 15000000
778,lenovo intel core i3 11th gen windows 10 home 256 gb 8 9000000
779,lenovo intel core i5 11th gen windows 10 home 512 gb 16 11000000
780,msi intel hexa core i5 10th gen windows 10 home 512 gb 16 15.6 13000000
781,msi intel hexa core i5 10th gen windows 10 home 256 gb 8 15.6 10000000
782,dell intel core i5 10th gen windows 10 512 gb 8 15.6 12000000
783,dell intel core i5 10th gen windows 10 512 gb 8 15.6 13000000
784,lenovo intel core i5 11th gen windows 10 home 512 gb 8 10000000
785,lenovo intel core i3 11th gen windows 10 home 256 gb 8 8000000
786,asus windows 10 home 512 gb 8 14 11000000
787,lenovo windows 10 home 512 gb 8 11000000
788,hp windows 10 home 256 gb 16 15.6 14000000
789,asus intel core i5 11th gen windows 10 home 512 gb 16 17000000
790,asus windows 10 home 512 gb 8 14 11000000
791,lenovo intel core i5 11th gen windows 10 home 512 gb 8 15.6 11000000
792,lenovo intel core i5 10th gen windows 10 pro 512 gb 16 29000000
793,lenovo intel core i5 11th gen windows 10 home 512 gb 16 15000000
794,lenovo intel core i7 11th gen windows 10 home 1 tb 16 gb 14 18000000
795,lenovo intel core i5 11th gen windows 10 home 256 gb 8 15.6 9000000
796,asus amd ryzen 7 octa core 5th gen windows 10 home 1 tb 8 gb 14 21000000
797,lenovo intel core i5 11th gen windows 10 home 512 gb 8 16000000
798,lenovo intel core i5 11th gen windows 10 home 512 gb 8 12000000
799,hp intel core i3 11th gen windows 10 512 gb 8 15.6 8000000
800,lenovo intel core i5 10th gen windows 10 home 512 gb 8 15.6 10000000
801,lenovo intel core i5 9th gen windows 10 home 256 gb 8 15.6 13000000
802,asus intel core i7 11th gen windows 10 home 512 gb 8 14 14000000
803,lenovo intel core i5 11th gen windows 10 home 512 gb 8 12000000
804,lenovo intel core i5 11th gen windows 10 home 512 gb 16 14000000
805,lenovo intel core i5 10th gen windows 10 pro 512 gb 8 23000000
806,asus windows 10 home 256 gb 8 17.3 11000000
807,asus intel core i7 11th gen windows 10 home 1 tb 16 gb 13.3 19000000
808,lenovo windows 10 home 4 gb 5000000
809,lenovo windows 10 home 4 gb 5000000
810,dell intel core i5 11th gen windows 10 512 gb 16 21000000
811,asus intel core i3 11th gen windows 10 home 256 gb 4 14 6000000
812,dell intel core i5 11th gen windows 10 256 gb 8 11000000
813,dell intel core i3 10th gen windows 10 home 256 gb 4 14 6000000
814,lenovo intel core i5 10th gen windows 10 home 256 gb 8 15.6 13000000
815,lenovo windows 10 home 256 gb 8 15.6 12000000
816,lenovo intel core i5 11th gen windows 10 home 512 gb 8 14 10000000
817,lenovo windows 10 home 512 gb 16 15.6 12000000
818,lenovo dos 4 gb 15.6 5000000
819,asus intel core i5 10th gen windows 10 home 512 gb 8 12000000
820,dell intel core i3 11th gen windows 10 256 gb 4 14 8000000
821,acer intel core i5 10th gen windows 10 home 512 gb 8 15.6 10000000
822,asus intel octa core i7 10th gen windows 10 home 1 tb 16 gb 15.6 17000000
823,asus amd ryzen 5 hexa core 4th gen windows 10 512 gb 8 14 16000000
824,asus windows 10 home 512 gb 8 14 12000000
825,msi intel hexa core i5 10th gen windows 10 home 512 gb 16 15.6 14000000
826,asus amd ryzen 5 hexa core 5th gen windows 10 home 512 gb 8 14 14000000
827,dell intel core i5 11th gen windows 10 512 gb 8 12000000
828,dell intel core i5 11th gen windows 10 512 gb 8 13000000
829,dell intel core i5 11th gen windows 10 256 gb 8 15.6 12000000
830,dell intel core i5 11th gen windows 10 256 gb 4 10000000
831,asus intel core i5 11th gen windows 10 home 512 gb 16 15.6 16000000
832,dell intel core i3 10th gen windows 10 256 gb 8 15.6 7000000
833,dell intel core i3 11th gen windows 10 8 gb 15.6 8000000
834,hp intel core i3 11th gen windows 10 home 256 gb 8 14 8000000
835,lenovo intel core i7 11th gen windows 10 home 512 gb 16 14 19000000
836,lenovo intel core i7 11th gen windows 10 home 1 tb 16 gb 13.3 20000000
837,dell intel core i5 10th gen windows 10 512 gb 8 13.3 18000000
838,dell intel core i3 11th gen windows 10 home 8 gb 15.6 8000000
839,msi intel core i7 10th gen windows 10 home 256 gb 8 15.6 12000000
840,hp intel core i3 11th gen windows 10 home 256 gb 8 14 7000000
841,acer windows 10 home 256 gb 16 15.6 18000000
842,asus intel core i7 11th gen windows 10 home 1 tb 16 gb 14 26000000
843,asus intel core i5 10th gen windows 10 home 1 tb 8 gb 15.6 14000000
844,dell intel core i3 11th gen windows 10 512 gb 8 12000000
845,msi intel core i5 11th gen windows 10 home 512 gb 16 14 15000000
846,hp windows 10 home 512 gb 8 15.6 9000000
847,asus windows 10 home 1 tb 16 gb 13.4 19000000
848,msi intel core i7 11th gen windows 10 home 512 gb 8 14 13000000
849,asus windows 10 home 1 tb 16 gb 13.4 22000000
850,asus windows 10 home 1 tb 32 gb 13.4 24000000
851,lenovo intel core i5 11th gen windows 10 home 512 gb 8 15.6 12000000
852,dell intel core i5 11th gen windows 10 home 512 gb 8 15.6 14000000
853,asus intel core i5 11th gen windows 10 home 512 gb 8 13.3 15000000
854,asus intel core i3 10th gen windows 10 home 4 gb 15.6 6000000
855,asus intel core i5 10th gen windows 10 home 512 gb 8 11000000
856,asus intel core i5 9th gen windows 10 home 512 gb 8 15.6 10000000
857,asus intel core i5 11th gen windows 10 home 512 gb 16 15.6 16000000
858,msi intel core i7 10th gen windows 10 home 256 gb 16 15.6 25000000
859,asus windows 10 home 256 gb 4 15.6 6000000
860,hp intel core i5 11th gen windows 10 home 512 gb 8 14 11000000
861,acer intel core i5 11th gen windows 10 home 512 gb 8 15.6 10000000
862,dell windows 10 8 gb 15.6 7000000
863,acer windows 10 home 256 gb 8 15.6 11000000
864,dell intel core i3 11th gen windows 10 8 gb 14 7000000
865,hp windows 10 home 512 gb 8 9000000
866,dell intel core i5 11th gen windows 10 512 gb 8 14 10000000
867,hp intel core i5 11th gen windows 10 home 512 gb 8 15.6 11000000
868,acer windows 10 home 512 gb 8 15.6 11000000
869,acer windows 10 home 512 gb 8 15.6 9000000
870,acer intel core i7 8th gen windows 10 home 8 gb 14 8000000
871,asus intel core i5 11th gen windows 10 home 512 gb 16 14 21000000
872,hp windows 10 home 512 gb 8 15.6 10000000
873,hp intel core i5 11th gen windows 10 home 512 gb 8 14 12000000
874,asus intel core i5 11th gen windows 10 home 512 gb 8 14 19000000
875,asus windows 10 home 256 gb 8 15.6 14000000
876,asus intel core i3 11th gen windows 10 home 512 gb 8 14 8000000
877,asus windows 10 home 512 gb 8 15.6 9000000
878,acer intel octa core i7 10th gen windows 10 home 256 gb 16 15.6 19000000
879,dell intel core i3 10th gen windows 10 home 8 gb 15.6 8000000
880,asus intel core i5 11th gen windows 10 home 512 gb 8 13.3 15000000
881,lenovo intel core i3 11th gen windows 10 home 256 gb 4 15.6 8000000
882,lenovo intel core i5 11th gen windows 10 home 512 gb 8 15.6 12000000
883,lenovo intel core i7 11th gen windows 11 home 1 tb 16 gb 13.3 23000000
884,hp chrome 4 gb 11.6 3000000
885,acer windows 10 home 256 gb 16 15.6 18000000
886,dell intel core i5 11th gen windows 10 home 8 gb 14 11000000
887,lenovo intel core i5 10th gen windows 10 home 256 gb 8 14 11000000
888,lenovo intel core i9 10th gen windows 10 1 tb 16 gb 15.6 50000000
889,hp intel core i3 11th gen windows 10 home 256 gb 8 15.6 8000000
890,lenovo intel core i5 7th gen windows 10 home 4 gb 14 10000000
891,lenovo windows 10 home 512 gb 16 13.3 15000000
892,lenovo intel core i7 11th gen windows 10 home 512 gb 16 14 15000000
893,msi intel core i5 10th gen windows 10 home 512 gb 8 14 10000000
894,hp intel core i3 11th gen windows 10 home 8 gb 15.6 8000000
895,hp intel core i3 11th gen windows 10 home 256 gb 8 14 7000000
896,asus windows 10 home 256 gb 4 15.6 6000000
897,lenovo windows 10 home 512 gb 8 15.6 15000000
898,asus intel core i5 10th gen windows 10 home 512 gb 16 15.6 15000000
899,hp intel core i3 11th gen windows 10 home 512 gb 8 15.6 8000000
900,hp intel core i5 11th gen windows 10 home 512 gb 16 14 14000000
901,hp intel core i5 11th gen windows 10 home 512 gb 8 15.6 11000000
902,hp intel core i3 11th gen windows 10 home 512 gb 8 15.6 9000000
903,hp intel core i5 11th gen windows 10 home 512 gb 8 15.6 11000000
904,lenovo intel core i3 11th gen windows 10 home 512 gb 8 14 11000000
905,lenovo intel core i3 11th gen windows 10 home 512 gb 8 14 10000000
906,apple mac os big sur 512 gb 8 13.3 19000000
907,acer windows 10 home 512 gb 8 15.6 10000000
908,lenovo intel core i3 11th gen windows 11 home 256 gb 8 14 9000000
909,hp intel core i3 11th gen windows 10 home 512 gb 8 14 10000000
910,lenovo intel core i5 10th gen windows 10 home 256 gb 8 15.6 11000000
911,lenovo intel core i7 11th gen windows 10 home 1 tb 16 gb 14 32000000
912,hp intel core i5 11th gen windows 10 pro 512 gb 8 13.3 17000000
913,dell intel core i3 10th gen windows 10 home 8 gb 8000000
914,lenovo intel core i7 11th gen windows 10 home 512 gb 16 14 19000000
915,lenovo intel core i5 9th gen windows 10 home 256 gb 8 15.6 12000000
916,dell intel core i5 11th gen windows 10 home 8 gb 14 9000000
917,dell intel core i3 10th gen windows 10 home 256 gb 4 15 7000000
918,dell intel core i3 10th gen windows 10 home 256 gb 8 14 7000000
919,mi intel core i7 10th gen windows 10 home 512 gb 8 14 11000000
920,asus intel core i5 10th gen windows 10 home 512 gb 8 15.6 12000000
921,hp intel core i5 11th gen windows 10 home 8 gb 15.6 10000000
922,hp intel core i3 11th gen windows 10 home 256 gb 8 14 10000000
923,dell intel core i3 10th gen windows 10 home 8 gb 14 7000000
924,hp windows 10 home 256 gb 8 15.6 7000000
925,asus intel core i5 10th gen windows 10 home 8 gb 15.6 8000000
926,asus intel core i3 10th gen windows 10 home 8 gb 15.6 7000000
927,asus intel core i5 10th gen windows 10 home 256 gb 8 15.6 9000000
928,asus intel core i5 11th gen windows 10 home 512 gb 8 14 14000000
929,msi intel core i3 10th gen windows 10 home 256 gb 8 14 7000000
930,hp intel core i3 11th gen windows 10 home 8 gb 15.6 8000000
931,msi intel core i3 10th gen windows 10 home 512 gb 8 14 9000000
932,msi intel core i7 11th gen windows 10 pro 1 tb 16 gb 15.6 29000000
933,dell intel core i5 11th gen windows 10 home 512 gb 8 14 13000000
934,dell intel core i3 11th gen windows 10 home 512 gb 4 14 11000000
935,dell intel core i5 11th gen windows 10 home 512 gb 8 13.3 22000000
936,lenovo windows 10 home 256 gb 8 15.6 11000000
937,dell intel core i5 8th gen windows 10 256 gb 8 15.6 10000000
938,hp intel core i3 11th gen windows 10 home 8 gb 15.6 7000000
939,vaio intel core i5 8th gen windows 10 home 512 gb 8 14 12000000
940,dell intel core i5 11th gen windows 10 home 512 gb 8 14.5 16000000
941,acer intel core i7 10th gen windows 10 home 2 tb 16 gb 15.6 30000000
942,lenovo windows 10 home 512 gb 8 15.6 14000000
943,lenovo intel core i5 10th gen windows 11 home 512 gb 8 15.6 9000000
944,acer intel core i5 10th gen windows 10 home 8 gb 15.6 8000000
945,asus intel core i3 11th gen windows 10 home 256 gb 4 14 8000000
946,asus intel core i5 11th gen windows 10 home 512 gb 8 14 11000000
947,vaio windows 10 home 512 gb 8 15.6 11000000
948,apple mac os big sur 512 gb 8 13.3 24000000
949,apple mac os big sur 256 gb 8 13.3 20000000
950,vaio windows 10 home 512 gb 8 15.6 9000000
951,apple mac os big sur 256 gb 8 13.3 16000000
952,vaio windows 10 home 512 gb 8 15.6 10000000
953,vaio windows 10 home 512 gb 8 15.6 9000000
954,apple mac os big sur 256 gb 8 13.3 16000000
955,apple mac os big sur 256 gb 8 13.3 20000000
956,apple mac os big sur 512 gb 8 13.3 20000000
957,apple mac os big sur 512 gb 8 13.3 24000000
958,lenovo windows 10 home 512 gb 8 14 10000000
959,acer windows 10 home 512 gb 8 15.6 9000000
960,acer windows 10 home 512 gb 8 15.6 9000000
961,acer intel core i7 11th gen windows 10 home 1 tb 16 gb 14 17000000
962,lenovo intel core i5 10th gen windows 10 home 512 gb 8 13.6 12000000
963,lenovo intel core i5 10th gen windows 10 home 512 gb 8 14 11000000
964,dell intel core i3 10th gen windows 10 home 8 gb 15.6 8000000
965,acer intel core i7 10th gen windows 10 home 2 tb 16 gb 15.6 28000000
966,lenovo intel core i7 10th gen windows 10 256 gb 8 15.6 18000000
967,dell intel core i5 10th gen ubuntu 512 gb 8 14 13000000
968,lenovo intel core i3 7th gen windows 10 home 4 gb 15.6 5000000
969,lenovo intel core i7 8th gen windows 10 pro 512 gb 16 14 46000000
970,lenovo intel core i7 9th gen windows 10 pro 1 tb 16 gb 15.6 51000000
971,hp intel core i5 10th gen windows 10 8 gb 15.6 9000000
972,lenovo intel core i5 8th gen dos 4 gb 14 9000000
973,asus intel core i5 10th gen windows 10 pro 512 gb 8 14 16000000
974,lenovo intel core i5 10th gen windows 10 home 256 gb 8 14 11000000
975,mi intel core i5 10th gen windows 10 home 512 gb 8 14 10000000
976,asus intel core i5 8th gen windows 10 home 512 gb 8 14 10000000
977,lenovo intel core i7 10th gen windows 10 home 1 tb 16 gb 14 27000000
978,lenovo intel core i7 10th gen windows 10 pro 512 gb 16 14 40000000
979,nokia intel core i5 10th gen windows 10 home 512 gb 8 14 10000000
980,hp intel core i7 10th gen windows 10 home 512 gb 16 13.3 45000000
981,hp windows 10 pro 512 gb 8 13.3 16000000
982,hp chrome 4 gb 14 5000000
983,lenovo intel core i3 10th gen windows 10 pro 4 gb 14 8000000
